id,assignment_id,student_id,comment,submitted_at,marks_obtained,feedback,status
1,60,30,Ago network hard sound necessary partner beat.,2026-04-03 05:06:07,,,late
2,25,36,,2026-05-15 05:03:24,,,late
3,38,55,,2026-04-28 03:09:10,,,late
4,45,60,General there sister policy consider whom item.,2026-05-09 19:16:25,47,Improve important offer by first avoid letter.,graded
5,52,18,Story million fight class.,2026-05-11 06:21:17,,,late
6,23,45,Ever person pass behavior political option oil.,2026-03-25 19:28:06,41,Generation wait thus suffer economy.,graded
7,33,52,Enough decision occur peace air threat nation.,2026-04-23 10:46:31,21,Result painting successful nor stay agreement animal political.,graded
8,53,42,Lot source rate father authority.,2026-03-19 00:58:14,,,submitted
9,24,51,,2026-05-14 12:09:36,65,Indeed less future century technology floor.,graded
10,12,57,Wish candidate have no five letter.,2026-03-31 16:02:22,,,late
11,18,50,Cell anything war ten industry.,2026-05-12 23:09:48,,,late
12,30,38,Spend value return couple.,2026-03-25 02:09:12,,,late
13,21,26,,2026-05-14 23:45:45,,,submitted
14,29,26,Any example our successful pull experience.,2026-03-15 21:25:42,92,Material final age war measure whom Democrat.,graded
15,25,32,Issue think road shake.,2026-04-06 15:48:54,,,submitted
16,21,22,Evidence writer quite budget window hour some.,2026-04-05 00:36:24,26,Anything no guy eye hit late.,graded
17,17,32,Sound mind chance throw cause use.,2026-04-03 18:35:34,96,Sense current meeting matter and case.,graded
18,18,46,Wrong school federal from stock mother.,2026-04-27 12:21:41,,,submitted
19,13,16,Little admit former body indicate.,2026-04-03 02:44:48,,,submitted
20,32,46,Ago listen whose situation simply officer return on.,2026-03-25 18:27:46,,,submitted
21,42,56,Finish charge real improve simple turn.,2026-05-07 11:56:29,23,Return simple herself start drug occur red course.,graded
22,6,29,Relationship million night your.,2026-04-13 11:59:10,,,submitted
23,16,30,Finish community treatment garden great sign.,2026-04-28 06:09:11,,,late
24,31,46,Particular court east newspaper different.,2026-05-13 14:05:35,,,late
25,48,46,Value somebody event business quality here woman.,2026-05-04 04:27:00,65,Side relate real major look.,graded
26,18,30,,2026-04-11 07:25:40,34,Fact explain research get.,graded
27,13,31,Section degree still even no.,2026-03-31 22:05:55,,,submitted
28,49,55,,2026-03-22 00:58:34,,,submitted
29,48,41,Accept nearly upon imagine.,2026-05-11 06:47:04,95,Dream anything toward difficult do beyond form line.,graded
30,34,49,Discussion school sure also TV individual study.,2026-05-11 05:09:52,32,Local current white fly position traditional become.,graded
31,19,25,Theory across nothing blue work.,2026-04-01 16:59:36,21,Young however many.,graded
32,46,45,,2026-05-14 13:43:53,,,submitted
33,4,46,Possible responsibility add front far purpose cover.,2026-04-21 13:34:45,64,Modern threat care mean evening speak former.,graded
34,41,59,Very according himself land environment form.,2026-04-19 19:58:26,33,Still middle beautiful protect continue cell.,graded
35,37,29,Type thousand show real police wait happen.,2026-03-28 19:57:47,50,Activity president realize artist brother fill if.,graded
36,12,14,,2026-04-27 02:26:01,81,Long lawyer writer health.,graded
37,5,36,Land region back nor article natural measure.,2026-04-19 05:43:26,24,Serious soon stay seven quite other skin.,graded
38,44,14,,2026-03-24 12:17:47,,,submitted
39,37,30,Take kind quite response major together.,2026-04-11 11:57:50,,,submitted
40,8,46,Pull final against effort able design authority.,2026-04-10 04:09:14,24,Law message lead around.,graded
41,40,25,Must art thus worry.,2026-04-13 02:47:15,,,late
42,59,39,Hear through large true help bag.,2026-05-13 01:17:35,24,Important shoulder she within position.,graded
43,20,47,,2026-05-07 14:28:35,,,late
44,48,17,President girl condition Mr.,2026-04-16 13:40:58,,,submitted
45,17,53,,2026-04-28 16:16:38,,,submitted
46,12,46,,2026-03-28 22:39:05,,,submitted
47,27,39,Series without leg.,2026-04-28 03:28:49,,,late
48,19,13,,2026-04-10 04:46:58,,,submitted
49,19,55,Allow produce past view.,2026-05-08 11:37:50,20,Statement easy get every visit right.,graded
50,60,27,Deal beyond almost our reflect.,2026-03-18 08:33:47,,,late
51,52,23,Cell year doctor trouble.,2026-04-19 10:42:04,34,I doctor describe.,graded
52,42,20,,2026-04-02 16:16:03,21,Our pull fly few century produce determine.,graded
53,11,30,News option same compare.,2026-04-25 16:34:18,,,late
54,29,18,Feel contain Mrs drive.,2026-03-29 02:31:37,58,Many win walk provide skill five indicate.,graded
55,18,43,South trip none whose.,2026-04-18 07:12:57,,,late
56,6,49,Home effort form bad.,2026-04-11 18:14:55,,,submitted
57,48,31,,2026-04-06 23:19:14,,,late
58,6,25,Right couple environmental purpose owner them could.,2026-04-30 17:41:12,,,late
59,37,48,Describe decade trade field training deep couple.,2026-04-29 12:09:37,,,submitted
60,44,28,,2026-04-29 20:03:04,,,late
61,49,22,Move grow end mention market better wonder.,2026-04-12 23:01:09,36,Trial receive region however dream focus executive.,graded
62,59,28,Trial have including none determine certainly.,2026-03-31 06:15:35,,,submitted
63,28,51,Either start whom politics make collection.,2026-05-02 18:16:46,31,Often individual charge form here street material pressure.,graded
64,27,32,,2026-05-14 15:31:07,62,Cause national contain threat.,graded
65,11,32,Share include successful.,2026-03-29 11:25:04,42,Model stuff avoid stand.,graded
66,43,36,,2026-04-27 10:04:07,,,late
67,6,31,,2026-04-23 04:40:25,40,Despite lay art.,graded
68,50,36,Tree process administration mother in admit reveal movie.,2026-04-01 20:05:57,,,late
69,1,53,Spend purpose south travel blood benefit chance.,2026-03-27 01:44:22,,,late
70,4,23,Education great some bad where learn during.,2026-04-26 19:33:52,,,late
71,49,42,Range summer president teach service.,2026-03-21 02:00:49,,,late
72,4,24,,2026-04-23 15:09:20,55,Help live PM reflect bar suddenly.,graded
73,19,39,Not teach believe month amount deep.,2026-05-07 05:04:39,,,late
74,2,51,Little another avoid understand tonight nor allow.,2026-05-10 21:38:07,,,late
75,46,21,,2026-04-02 14:28:48,37,Administration debate certain star start up.,graded
76,27,16,Drive strong home to forward sense cause.,2026-05-14 12:49:26,,,submitted
77,59,18,Future shoulder western however.,2026-05-01 11:00:07,20,May window approach join.,graded
78,10,42,,2026-03-17 04:44:46,,,late
79,46,28,Quickly produce beat peace.,2026-05-02 22:46:34,46,Situation late direction need heart.,graded
80,31,26,,2026-04-29 09:30:11,37,Bank child Republican plant.,graded
81,13,49,Guess before wall know seven bill.,2026-03-20 16:57:21,,,late
82,9,15,Six tell activity including single right nice yeah.,2026-03-30 03:55:51,69,Large never impact ago government behavior.,graded
83,60,43,,2026-04-10 00:21:53,46,College herself catch feeling manage as itself.,graded
84,47,30,Site guess want result many pattern leader.,2026-03-23 15:19:27,,,late
85,43,42,We forward per.,2026-05-03 07:34:06,,,submitted
86,31,33,Water cut fire who why fact reason make.,2026-04-19 10:21:50,37,Key issue statement prepare organization feel.,graded
87,25,40,,2026-03-27 13:13:41,47,For exactly skill half usually.,graded
88,45,26,Conference should agree road wall decide something.,2026-05-04 23:17:33,,,late
89,55,60,Drug probably resource smile available.,2026-05-14 16:04:10,25,Standard somebody important material.,graded
90,31,56,Order trial body eat professor coach partner.,2026-04-18 15:52:47,32,Old move type thank industry already why.,graded
91,51,52,Whom former someone black better develop.,2026-04-29 20:00:46,,,submitted
92,3,19,Oil offer knowledge hospital sign open matter.,2026-04-05 09:11:44,,,late
93,22,17,Break wait center find.,2026-04-12 02:20:47,26,Lot far turn.,graded
94,30,11,,2026-03-27 23:32:50,,,late
95,56,52,,2026-04-13 18:38:14,,,submitted
96,51,27,Possible quality clearly worker during company.,2026-03-25 03:18:42,39,Best reveal laugh attack and represent against.,graded
97,42,16,Third last involve above Democrat everything region somebody.,2026-04-19 12:30:30,25,Interview left something picture control price how.,graded
98,25,31,Cost for leader energy television month police.,2026-04-20 17:09:39,,,late
99,56,45,Hotel box goal leader common purpose song try.,2026-04-20 07:13:41,,,submitted
100,16,51,Finish draw bring health.,2026-03-23 23:53:38,,,late
101,15,58,Industry case himself control player really.,2026-04-23 15:40:15,,,submitted
102,7,59,Never majority cell fire.,2026-04-11 20:01:17,,,late
103,7,39,Tend weight machine.,2026-03-27 06:24:24,,,submitted
104,58,12,White measure manager range indeed style.,2026-04-14 03:04:03,,,submitted
105,4,29,Mrs collection leader score she.,2026-04-17 20:10:34,43,Not somebody determine allow.,graded
106,16,44,State among rest national wrong bill stop.,2026-04-30 02:34:21,56,Of environmental myself yard.,graded
107,12,21,,2026-04-02 12:11:26,,,submitted
108,56,35,Last give stage.,2026-04-11 02:36:01,,,late
109,32,48,,2026-05-14 20:49:31,,,submitted
110,41,27,Coach cause deal deal arrive go.,2026-04-01 11:55:01,52,Decide scene ready technology particular.,graded
111,58,40,Career seek in arrive.,2026-04-01 06:25:29,41,Collection without fall of weight method too.,graded
112,5,39,,2026-03-30 10:57:27,57,Reduce car chair focus.,graded
113,28,55,Idea seek reason theory.,2026-04-12 01:24:59,78,Majority officer environmental increase later plant.,graded
114,13,35,,2026-04-06 04:33:02,20,Force able similar run room learn professional.,graded
115,37,33,,2026-03-19 05:57:39,,,late
116,45,29,Huge why station manager follow exist natural.,2026-03-23 08:10:35,,,submitted
117,18,11,Small thus several animal phone student administration.,2026-05-10 22:36:31,,,late
118,50,58,Kid a when dark.,2026-04-26 06:56:32,,,submitted
119,48,42,Pressure economy head tough.,2026-03-25 11:10:52,49,Think few themselves theory.,graded
120,23,25,,2026-04-08 12:12:36,,,late
